{"mean": [207.59461717482094, 0.05142101842636966, 63.47098433958036], "std": [156.17865646658146, 0.04781462775009377, 8.108710649466758]}